word,sentiment,lexicon,score
a-cort-di-liquid,negative,bing,-1
malincuor,negative,bing,-2
abbandon,negative,bing,-2
abbatt,negative,bing,-1
abbozz,negative,bing,-1
abbrut,negative,bing,-1
abissal,negative,bing,-1
abiss,negative,bing,-1
abomin,negative,bing,-3
abominevol,negative,bing,-3
abras,negative,bing,-1
abus,negative,bing,-1
accan,negative,bing,-1
accartocc,negative,bing,-1
accatto-nagg,negative,bing,-1
accec,negative,bing,-1
accidental,negative,bing,-1
accident,negative,bing,-1
accus,negative,bing,-1
accusator,negative,bing,-1
acid,negative,bing,-1
acre,negative,bing,-1
acrimon,negative,bing,-1
addolor,negative,bing,-2
adesc,negative,bing,-1
adulter,negative,bing,-1
affam,negative,bing,-1
affatic,negative,bing,-1
afflitt,negative,bing,-1
afflizion,negative,bing,-1
affoll,negative,bing,-2
affond,negative,bing,-1
affrant,negative,bing,-2
affront,negative,bing,-1
aggrav,negative,bing,-2
aggression,negative,bing,-3
aggress,negative,bing,-3
aggressor,negative,bing,-3
aggrott-le-sopraccigl,negative,bing,-1
aggrovigl,negative,bing,-1
aggu,negative,bing,-1
agit,negative,bing,-1
agon,negative,bing,-1
agonizz,negative,bing,-1
alien,negative,bing,-1
all'oscur,negative,bing,-1
allarm,negative,bing,-1
allerg,negative,bing,-1
allocc,negative,bing,-1
allucin,negative,bing,-2
allusion,negative,bing,-1
alterc,negative,bing,-1
altezz,negative,bing,-1
alto-e-dinoccol,negative,bing,-1
alzat-di-spall,negative,bing,-1
amar,negative,bing,-2
amarezz,negative,bing,-2
ambigu,negative,bing,-1
ambivalent,negative,bing,-1
ammacc,negative,bing,-1
ammaccatur,negative,bing,-1
ammal,negative,bing,-1
amministr-mal,negative,bing,-1
ammon,negative,bing,-1
ammonitor,negative,bing,-1
ammonizion,negative,bing,-1
ammortizz,negative,bing,-1
ampoll,negative,bing,-1
amput,negative,bing,-1
a-nalfabet,negative,bing,-1
a-narc,negative,bing,-1
anem,negative,bing,-1
angosc,negative,bing,-2
angust,negative,bing,-2
animos,negative,bing,-1
annacqu,negative,bing,-1
anneg,negative,bing,-1
annichil,negative,bing,-1
annid,negative,bing,-1
annient,negative,bing,-1
annod,negative,bing,-1
annoi,negative,bing,-1
annull,negative,bing,-1
anomal,negative,bing,-1
anormal,negative,bing,-1
ansi,negative,bing,-1
ansios,negative,bing,-1
antagon,negative,bing,-1
antagonist,negative,bing,-1
anti,negative,bing,-1
anti-americ,negative,bing,-1
anti-bianc,negative,bing,-1
anti-israel,negative,bing,-1
anti-occup,negative,bing,-1
anti-social,negative,bing,-1
antieconom,negative,bing,-1
antipat,negative,bing,-3
antiqu,negative,bing,-1
antisem,negative,bing,-1
antitet,negative,bing,-1
apat,negative,bing,-2
apocaliss,negative,bing,-1
apocalitt,negative,bing,-1
apologet,negative,bing,-1
appal,negative,bing,-1
appann,negative,bing,-1
appass,negative,bing,-1
appell,negative,bing,-1
append,negative,bing,-1
appiccic,negative,bing,-1
apprension,negative,bing,-1
apprens,negative,bing,-1
approssim,negative,bing,-1
arbitrar,negative,bing,-1
arcaic,negative,bing,-1
arcan,negative,bing,-1
ardu,negative,bing,-1
arpi,negative,bing,-1
arrabb,negative,bing,-2
arrend,negative,bing,-2
arrest,negative,bing,-1
arretratezz,negative,bing,-2
arring,negative,bing,-1
arrog,negative,bing,-2
arrogant,negative,bing,-2
arruff,negative,bing,-1
arruggin,negative,bing,-2
artific,negative,bing,-1
aspett-negat,negative,bing,-2
aspr,negative,bing,-1
assalg,negative,bing,-1
assalt,negative,bing,-1
assassin,negative,bing,-1
assecond,negative,bing,-1
assed,negative,bing,-1
assent,negative,bing,-1
assenz,negative,bing,-1
asset-di-sangu,negative,bing,-1
assill,negative,bing,-1
assorb,negative,bing,-1
assord,negative,bing,-2
assurd,negative,bing,-2
asten-da,negative,bing,-1
asti,negative,bing,-1
astut,negative,bing,-2
astuz,negative,bing,-2
atroc,negative,bing,-3
atrof,negative,bing,-1
attacc,negative,bing,-1
attacc-di-cuor,negative,bing,-1
attacc-furios,negative,bing,-1
attrit,negative,bing,-1
audac,negative,bing,-1
auster,negative,bing,-1
aut-golp,negative,bing,-1
aut-interess,negative,bing,-1
aut-umil,negative,bing,-1
autocr,negative,bing,-1
autocrat,negative,bing,-1
autodistrutt,negative,bing,-1
autolesion,negative,bing,-1
autoritar,negative,bing,-1
avar,negative,bing,-2
avariz,negative,bing,-2
avid,negative,bing,-2
avvent,negative,bing,-1
avversar,negative,bing,-1
avversion,negative,bing,-1
avvers,negative,bing,-2
avvert,negative,bing,-1
avvilent,negative,bing,-1
avvil,negative,bing,-1
avvit,negative,bing,-1
avvizz,negative,bing,-1
avvolt,negative,bing,-1
babbe,negative,bing,-1
bagarin,negative,bing,-1
baglior,negative,bing,-1
banal,negative,bing,-2
banalizz,negative,bing,-2
band,negative,bing,-1
barbar,negative,bing,-1
barcoll,negative,bing,-1
bassezz,negative,bing,-1
bass-rating,negative,bing,-1
bastard,negative,bing,-3
baston,negative,bing,-2
battaglier,negative,bing,-1
battibecc,negative,bing,-1
batt-d'arrest,negative,bing,-1
batt,negative,bing,-1
beff,negative,bing,-1
beffard,negative,bing,-2
bellic,negative,bing,-1
belliger,negative,bing,-1
berlin,negative,bing,-1
bestemm,negative,bing,-1
bestial,negative,bing,-1
biasimevol,negative,bing,-1
bigott,negative,bing,-1
birichin,negative,bing,-1
bisogn,negative,bing,-1
bizz,negative,bing,-1
bizzarr,negative,bing,-1
blah,negative,bing,-1
bland,negative,bing,-1
blasfem,negative,bing,-1
blater,negative,bing,-1
blocc,negative,bing,-1
blocc-stradal,negative,bing,-1
boicott,negative,bing,-1
bomb,negative,bing,-1
bombard,negative,bing,-1
borbott,negative,bing,-1
bottin,negative,bing,-1
bradip,negative,bing,-1
bramos,negative,bing,-1
brav,negative,bing,-1
break-me,negative,bing,-1
break-up,negative,bing,-1
briccon,negative,bing,-1
brivid,negative,bing,-1
bronc,negative,bing,-1
brontol,negative,bing,-1
brontolon,negative,bing,-1
bruc,negative,bing,-1
brusc,negative,bing,-1
brutal,negative,bing,-1
brutalizz,negative,bing,-1
brut,negative,bing,-1
bruttezz,negative,bing,-1
brutt,negative,bing,-1
bug,negative,bing,-1
bugiard,negative,bing,-2
bui,negative,bing,-1
bull,negative,bing,-1
bullism,negative,bing,-1
buon-merc,negative,bing,-1
burattin,negative,bing,-1
burber,negative,bing,-2
burl,negative,bing,-1
buss,negative,bing,-1
bust,negative,bing,-1
cacciatorpedin,negative,bing,-1
cadent,negative,bing,-1
cad,negative,bing,-1
cad-in-disgraz,negative,bing,-1
cagn,negative,bing,-1
calam,negative,bing,-1
calamit,negative,bing,-1
calpest,negative,bing,-1
calunn,negative,bing,-2
calvar,negative,bing,-1
calviz,negative,bing,-1
campagn-pubblicitar,negative,bing,-1
cancell,negative,bing,-1
cancer,negative,bing,-1
cancr,negative,bing,-1
cannibal,negative,bing,-1
cannibalizz,negative,bing,-1
canton,negative,bing,-1
caos,negative,bing,-1
caotic,negative,bing,-1
capitol,negative,bing,-1
capitombol,negative,bing,-1
capricc,negative,bing,-1
capr-espiator,negative,bing,-1
capsiz,negative,bing,-1
carc,negative,bing,-1
carent,negative,bing,-1
carenz,negative,bing,-1
carest,negative,bing,-1
caricatur,negative,bing,-1
caric,negative,bing,-1
carneficin,negative,bing,-1
car,negative,bing,-1
carp,negative,bing,-1
carregg,negative,bing,-1
cartegg,negative,bing,-1
carton-anim,negative,bing,-1
cascant,negative,bing,-1
cass-integr,negative,bing,-1
castig,negative,bing,-1
castr,negative,bing,-1
casual,negative,bing,-1
cataclism,negative,bing,-1
catastrof,negative,bing,-1
categor,negative,bing,-1
catt-condott,negative,bing,-1
cattiver,negative,bing,-2
catt,negative,bing,-2
catt-umor,negative,bing,-2
caustic,negative,bing,-1
cautel,negative,bing,-1
cauzio-1l,negative,bing,-1
cavill,negative,bing,-1
cavit,negative,bing,-1
cazz,negative,bing,-2
cedevol,negative,bing,-1
cencios,negative,bing,-1
censur,negative,bing,-1
cepp,negative,bing,-1
cestin,negative,bing,-1
che-odi,negative,bing,-1
chius,negative,bing,-1
ciarl,negative,bing,-2
ciarlat,negative,bing,-2
cicatric,negative,bing,-1
ciec,negative,bing,-1
cigol,negative,bing,-1
cinic,negative,bing,-2
cinism,negative,bing,-2
cipigl,negative,bing,-1
circospezion,negative,bing,-1
cit-in-giudiz,negative,bing,-1
clamor,negative,bing,-1
clientel,negative,bing,-1
codard,negative,bing,-2
coercit,negative,bing,-1
coercizion,negative,bing,-1
coglion,negative,bing,-3
coinvolt,negative,bing,-1
coller,negative,bing,-1
collud,negative,bing,-1
collusion,negative,bing,-1
colp,negative,bing,-1
colpevol,negative,bing,-1
colp-di-scen,negative,bing,-1
coltell,negative,bing,-1
combustion,negative,bing,-1
comic,negative,bing,-1
commiser,negative,bing,-2
compless,negative,bing,-1
complet,negative,bing,-1
complic,negative,bing,-1
comport-mal,negative,bing,-1
compromess,negative,bing,-1
compuls,negative,bing,-1
comun,negative,bing,-1
con-ari-di-sfid,negative,bing,-2
con-cattiver,negative,bing,-3
con-rabb,negative,bing,-2
con-rilutt,negative,bing,-2
con-sospett,negative,bing,-1
conced,negative,bing,-1
concentr,negative,bing,-1
concession,negative,bing,-1
concess,negative,bing,-1
concis,negative,bing,-1
condann,negative,bing,-1
condiscendent,negative,bing,-1
condiscend,negative,bing,-1
confess,negative,bing,-1
confession,negative,bing,-1
conflitt,negative,bing,-2
conflittual,negative,bing,-2
confond,negative,bing,-1
confront,negative,bing,-1
confusion,negative,bing,-1
confus,negative,bing,-1
conf,negative,bing,-1
confut,negative,bing,-1
congel,negative,bing,-1
congestion,negative,bing,-1
contag,negative,bing,-1
contamin,negative,bing,-2
contenz,negative,bing,-2
contes,negative,bing,-1
contest,negative,bing,-1
contorc,negative,bing,-1
contorsion,negative,bing,-1
contradd,negative,bing,-1
contraddittor,negative,bing,-1
contraddizion,negative,bing,-1
contrariet,negative,bing,-1
contrattemp,negative,bing,-1
contravven,negative,bing,-1
controproducent,negative,bing,-1
controvers,negative,bing,-1
controvogl,negative,bing,-2
contusion,negative,bing,-1
contus,negative,bing,-1
convuls,negative,bing,-1
corrod,negative,bing,-1
corromp,negative,bing,-1
corrosion,negative,bing,-1
corros,negative,bing,-1
corrott,negative,bing,-2
corruttor,negative,bing,-1
corruttr,negative,bing,-1
corruzion,negative,bing,-1
cortin-fumogen,negative,bing,-1
cospicu,negative,bing,-1
cospir,negative,bing,-1
costern,negative,bing,-1
costos,negative,bing,-2
costrizion,negative,bing,-1
costruzion,negative,bing,-1
cov,negative,bing,-1
cramp,negative,bing,-1
craps,negative,bing,-1
crash,negative,bing,-1
crass,negative,bing,-1
credul,negative,bing,-1
credulon,negative,bing,-1
crep,negative,bing,-1
cricc,negative,bing,-1
crimi-1l,negative,bing,-1
crimin,negative,bing,-2
cris,negative,bing,-1
critic,negative,bing,-2
croll,negative,bing,-1
cronic,negative,bing,-1
crud,negative,bing,-1
crudel,negative,bing,-1
crudelt,negative,bing,-3
cuccett,negative,bing,-1
cull,negative,bing,-1
cune,negative,bing,-1
cup,negative,bing,-1
da-incub,negative,bing,-3
dan-anbil,negative,bing,-1
dann,negative,bing,-1
dan-anzion,negative,bing,-1
dannegg,negative,bing,-1
dannos,negative,bing,-2
dar-l'ostrac,negative,bing,-1
debilit,negative,bing,-1
deb,negative,bing,-1
debol,negative,bing,-1
debol-di-ment,negative,bing,-1
debolezz,negative,bing,-1
debol-di-cuor,negative,bing,-1
decad,negative,bing,-2
decadent,negative,bing,-2
declam,negative,bing,-1
declin,negative,bing,-2
decrement,negative,bing,-2
decrepitezz,negative,bing,-2
decrep,negative,bing,-2
ded,negative,bing,-1
deficient,negative,bing,-2
deflettor,negative,bing,-1
deform,negative,bing,-1
defunt,negative,bing,-1
degener,negative,bing,-1
degen,negative,bing,-1
degn,negative,bing,-1
degrad,negative,bing,-2
delinquent,negative,bing,-1
delir,negative,bing,-2
delud,negative,bing,-2
deludent,negative,bing,-2
delus,negative,bing,-2
delusion,negative,bing,-2
demol,negative,bing,-1
demon,negative,bing,-1
demoniac,negative,bing,-1
demonizz,negative,bing,-1
demoralizz,negative,bing,-1
denigr,negative,bing,-2
denigrator,negative,bing,-2
dens,negative,bing,-1
denunc,negative,bing,-2
deplor,negative,bing,-1
deplorevol,negative,bing,-3
deprav,negative,bing,-3
deprec,negative,bing,-1
depred,negative,bing,-1
depression,negative,bing,-2
depress,negative,bing,-2
deprezz,negative,bing,-1
depriment,negative,bing,-2
deprim,negative,bing,-2
depriv,negative,bing,-1
derid,negative,bing,-1
derision,negative,bing,-1
derisor,negative,bing,-1
desert,negative,bing,-1
desitit,negative,bing,-1
desol,negative,bing,-2
desolat,negative,bing,-2
despot,negative,bing,-1
desquam,negative,bing,-1
destabilizz,negative,bing,-1
deterior,negative,bing,-2
deterrent,negative,bing,-1
detest,negative,bing,-3
detratt,negative,bing,-1
detrazion,negative,bing,-1
devast,negative,bing,-1
dev,negative,bing,-1
deviazion,negative,bing,-1
di-nessun-valor,negative,bing,-1
di-rimprover,negative,bing,-1
di-scart,negative,bing,-1
di-second-class,negative,bing,-1
di-sinistr,negative,bing,-1
di-travers,negative,bing,-1
diabol,negative,bing,-1
diametral,negative,bing,-1
diamin,negative,bing,-2
diatrib,negative,bing,-1
diavoler,negative,bing,-1
dibatt,negative,bing,-1
difens,negative,bing,-1
difett,negative,bing,-1
diffam,negative,bing,-2
diffamator,negative,bing,-2
difficil,negative,bing,-1
difficolt,negative,bing,-1
diffid,negative,bing,-1
diffident,negative,bing,-1
dilag,negative,bing,-1
dilemm,negative,bing,-1
diluv,negative,bing,-1
dimentic,negative,bing,-1
diment,negative,bing,-1
dimess,negative,bing,-1
diminu,negative,bing,-1
dipan,negative,bing,-1
dirompent,negative,bing,-1
disaccord,negative,bing,-1
disadatt,negative,bing,-1
disaffezion,negative,bing,-1
disag,negative,bing,-1
disallin,negative,bing,-1
disin-anmor,negative,bing,-1
disapprov,negative,bing,-1
disappunt,negative,bing,-2
disarm,negative,bing,-2
disastr,negative,bing,-2
disattent,negative,bing,-2
disattenzion,negative,bing,-2
discar,negative,bing,-1
disces,negative,bing,-1
disciolt,negative,bing,-1
discombobul,negative,bing,-1
disconosc,negative,bing,-1
discontinu,negative,bing,-1
discord,negative,bing,-1
discred,negative,bing,-1
discrep,negative,bing,-1
discrimin,negative,bing,-1
discut,negative,bing,-1
disdegn,negative,bing,-2
diserzion,negative,bing,-1
disfac,negative,bing,-1
disfatt,negative,bing,-1
disgraz,negative,bing,-2
disgust,negative,bing,-3
disillu,negative,bing,-2
disillus,negative,bing,-2
disinform,negative,bing,-1
disingann,negative,bing,-1
disintegr,negative,bing,-1
disinteress,negative,bing,-1
disobbedient,negative,bing,-1
disobbed,negative,bing,-1
disoccup,negative,bing,-1
disonest,negative,bing,-3
disonor,negative,bing,-2
disonorevol,negative,bing,-2
disordi-nat,negative,bing,-1
disordin,negative,bing,-2
disorganizz,negative,bing,-2
disorient,negative,bing,-1
dispar,negative,bing,-1
dispend,negative,bing,-1
dispens,negative,bing,-1
disper,negative,bing,-1
dispers,negative,bing,-1
dispett,negative,bing,-1
dispiac,negative,bing,-2
dispot,negative,bing,-1
dispreg,negative,bing,-3
disprezz,negative,bing,-3
disp,negative,bing,-1
dissens,negative,bing,-1
dissenzient,negative,bing,-1
disserviz,negative,bing,-1
dissident,negative,bing,-1
dissimul,negative,bing,-1
dissocial,negative,bing,-1
dissol,negative,bing,-1
dissolutezz,negative,bing,-1
dissolu,negative,bing,-1
disson,negative,bing,-1
dissuad,negative,bing,-1
dissuas,negative,bing,-1
distacc,negative,bing,-1
distorsion,negative,bing,-1
distort,negative,bing,-1
distrarr,negative,bing,-1
distratt,negative,bing,-1
distrazion,negative,bing,-1
distrugg,negative,bing,-1
distrutt,negative,bing,-1
distruzion,negative,bing,-1
disturb,negative,bing,-1
disuguagl,negative,bing,-1
disuman,negative,bing,-3
disumanizz,negative,bing,-1
disum,negative,bing,-1
disun,negative,bing,-1
disvalor,negative,bing,-1
dittator,negative,bing,-1
dittatorial,negative,bing,-1
divergent,negative,bing,-1
division,negative,bing,-1
dogmat,negative,bing,-1
dol,negative,bing,-1
dolor,negative,bing,-2
don-1iol,negative,bing,-1
dragon,negative,bing,-1
drastic,negative,bing,-1
dre-nant,negative,bing,-1
dren,negative,bing,-1
drog,negative,bing,-1
dron,negative,bing,-1
dubb,negative,bing,-1
dubbios,negative,bing,-1
dubit,negative,bing,-1
due-facc,negative,bing,-1
dur,negative,bing,-1
ebollizion,negative,bing,-1
eccedent,negative,bing,-1
eccentr,negative,bing,-1
eccess,negative,bing,-1
ecchim,negative,bing,-1
ecliss,negative,bing,-1
edonist,negative,bing,-1
effig,negative,bing,-1
egemon,negative,bing,-1
egocentr,negative,bing,-1
egoism,negative,bing,-1
egoist,negative,bing,-1
egoman,negative,bing,-1
egot,negative,bing,-1
egreg,negative,bing,-1
elimin,negative,bing,-1
elud,negative,bing,-1
emac,negative,bing,-1
emergent,negative,bing,-1
empiet,negative,bing,-1
empi,negative,bing,-1
enerv,negative,bing,-1
enfat,negative,bing,-1
epidem,negative,bing,-1
equivoc,negative,bing,-1
erbacc,negative,bing,-1
eres,negative,bing,-1
eret,negative,bing,-1
erod,negative,bing,-1
erosion,negative,bing,-1
erpic,negative,bing,-1
errant,negative,bing,-1
errat,negative,bing,-1
erron,negative,bing,-1
error,negative,bing,-1
error-di-calcol,negative,bing,-1
eruzion,negative,bing,-1
esacerb,negative,bing,-1
esager,negative,bing,-1
esasper,negative,bing,-2
esasperat,negative,bing,-2
esaur,negative,bing,-1
esaust,negative,bing,-1
esca,negative,bing,-1
esclusion,negative,bing,-1
escogit,negative,bing,-1
esecr,negative,bing,-1
esigent,negative,bing,-1
esil,negative,bing,-1
esit,negative,bing,-1
esorbit,negative,bing,-1
esort,negative,bing,-1
espedient,negative,bing,-1
espell,negative,bing,-1
esplod,negative,bing,-1
esplosion,negative,bing,-1
esplos,negative,bing,-1
espropr,negative,bing,-1
espung,negative,bing,-1
espurg,negative,bing,-1
essicc,negative,bing,-1
estingu,negative,bing,-1
estorc,negative,bing,-1
estorsion,negative,bing,-1
estrane,negative,bing,-1
estran,negative,bing,-1
estrem,negative,bing,-1
evasion,negative,bing,-1
evas,negative,bing,-1
evir,negative,bing,-1
evit,negative,bing,-2
fa-mal,negative,bing,-1
fa-riflett,negative,bing,-1
fa-schif,negative,bing,-1
fabbric,negative,bing,-1
facinor,negative,bing,-1
facond,negative,bing,-1
fagocit,negative,bing,-1
fallac,negative,bing,-1
fall,negative,bing,-1
fall-out,negative,bing,-1
fals,negative,bing,-1
falsific,negative,bing,-2
falsit,negative,bing,-2
fam,negative,bing,-1
famiger,negative,bing,-1
fa-nat,negative,bing,-1
fang,negative,bing,-1
fangos,negative,bing,-1
fantas,negative,bing,-1
fant,negative,bing,-1
far-infur,negative,bing,-1
farabutt,negative,bing,-2
far-il-pignol,negative,bing,-1
far-la-predic,negative,bing,-1
farfugl,negative,bing,-1
fars,negative,bing,-1
provocator,negative,bing,-2
farsesc,negative,bing,-1
fascism,negative,bing,-1
fascist,negative,bing,-1
fastid,negative,bing,-2
fastidios,negative,bing,-2
fastos,negative,bing,-1
fatal,negative,bing,-1
fatalist,negative,bing,-1
fatic,negative,bing,-1
fatiqu,negative,bing,-1
fatiscent,negative,bing,-3
fatuit,negative,bing,-1
fatu,negative,bing,-1
febbr,negative,bing,-1
febbril,negative,bing,-1
fecc,negative,bing,-1
fer,negative,bing,-1
feroc,negative,bing,-1
ferroviar,negative,bing,-1
fetid,negative,bing,-3
fetor,negative,bing,-3
fiacc,negative,bing,-1
fiasc,negative,bing,-2
fibb,negative,bing,-1
fic,negative,bing,-1
ficca-nas,negative,bing,-1
fictio-nal,negative,bing,-1
fing,negative,bing,-1
fint,negative,bing,-1
finzion,negative,bing,-1
fiocc,negative,bing,-1
fisc,negative,bing,-1
fittiz,negative,bing,-1
fiut,negative,bing,-1
flagell,negative,bing,-1
flagging,negative,bing,-1
flagrant,negative,bing,-1
flession,negative,bing,-1
fob,negative,bing,-1
fobic,negative,bing,-1
focola,negative,bing,-1
foll,negative,bing,-1
follement,negative,bing,-1
forcellin,negative,bing,-1
forg,negative,bing,-1
for,negative,bing,-1
formicol,negative,bing,-1
forsenn,negative,bing,-1
fort,negative,bing,-1
foruncol,negative,bing,-1
fosc,negative,bing,-1
fragil,negative,bing,-1
fraintend,negative,bing,-1
framment,negative,bing,-1
frantum,negative,bing,-1
frastagl,negative,bing,-1
frattur,negative,bing,-1
fraudolent,negative,bing,-2
fredd,negative,bing,-1
frenes,negative,bing,-1
frenet,negative,bing,-1
frett,negative,bing,-1
frettol,negative,bing,-2
frigid,negative,bing,-1
frod,negative,bing,-1
frust,negative,bing,-1
frustr,negative,bing,-1
frustrant,negative,bing,-2
frustrazion,negative,bing,-2
fugac,negative,bing,-1
fugg,negative,bing,-1
fuggit,negative,bing,-1
fuliggin,negative,bing,-1
fulmin,negative,bing,-1
fumant,negative,bing,-1
fum,negative,bing,-1
fuor-mod,negative,bing,-1
fuor-strad,negative,bing,-1
fuorilegg,negative,bing,-1
fuorv,negative,bing,-1
furb,negative,bing,-1
furfant,negative,bing,-1
fur,negative,bing,-1
furios,negative,bing,-1
furor,negative,bing,-1
furt,negative,bing,-1
fustig,negative,bing,-1
futil,negative,bing,-1
gaff,negative,bing,-1
gasp,negative,bing,-1
gel,negative,bing,-1
gelos,negative,bing,-1
gem,negative,bing,-1
genocid,negative,bing,-1
ghett,negative,bing,-1
ghosting,negative,bing,-1
giacent,negative,bing,-1
gingill,negative,bing,-1
giocattol,negative,bing,-1
giorn-del-giudiz-universal,negative,bing,-1
giudic-mal,negative,bing,-1
giudiz-sbagl,negative,bing,-1
giunc,negative,bing,-1
giur-di-rinunc,negative,bing,-1
gocciol,negative,bing,-1
goffaggin,negative,bing,-1
goff,negative,bing,-1
gonf,negative,bing,-1
gonfior,negative,bing,-1
gracil,negative,bing,-1
graff,negative,bing,-1
grass,negative,bing,-1
grav,negative,bing,-3
gravement,negative,bing,-3
gravit,negative,bing,-1
gravos,negative,bing,-2
grec,negative,bing,-1
gregg,negative,bing,-1
grezz,negative,bing,-1
grid,negative,bing,-1
grigl,negative,bing,-1
grondai,negative,bing,-1
grossolan,negative,bing,-2
grossol,negative,bing,-2
grott,negative,bing,-1
grottesc,negative,bing,-1
grovigl,negative,bing,-1
gua,negative,bing,-1
guard-in-cagnesc,negative,bing,-1
guastafest,negative,bing,-1
guast,negative,bing,-1
ide-sbagl,negative,bing,-1
idiot,negative,bing,-1
idioz,negative,bing,-1
ig-nar,negative,bing,-1
ignobil,negative,bing,-2
ignomin,negative,bing,-1
ignor,negative,bing,-1
il-caos,negative,bing,-1
il-mal-di-test,negative,bing,-1
illec,negative,bing,-2
illegal,negative,bing,-2
illegg,negative,bing,-2
illegittim,negative,bing,-2
illog,negative,bing,-1
illud,negative,bing,-1
illus,negative,bing,-1
illusion,negative,bing,-1
illusor,negative,bing,-1
imbarazz,negative,bing,-1
imbecill,negative,bing,-3
imbrogl,negative,bing,-2
immaterial,negative,bing,-1
immatur,negative,bing,-1
imminent,negative,bing,-1
immisc,negative,bing,-1
immobil,negative,bing,-1
immobilizz,negative,bing,-1
immodest,negative,bing,-1
immond,negative,bing,-1
immoral,negative,bing,-2
impallid,negative,bing,-1
impass,negative,bing,-1
impaur,negative,bing,-1
impazient,negative,bing,-1
impazz,negative,bing,-1
impedent,negative,bing,-1
imped,negative,bing,-1
impegn,negative,bing,-1
impenitent,negative,bing,-1
impens,negative,bing,-1
impensabil,negative,bing,-2
imperdon,negative,bing,-2
imperdonabil,negative,bing,-2
imperfett,negative,bing,-1
imperfezion,negative,bing,-1
imperial,negative,bing,-1
imper,negative,bing,-1
impersonal,negative,bing,-1
impertinent,negative,bing,-2
impetu,negative,bing,-1
impietr,negative,bing,-1
impigl,negative,bing,-1
implac,negative,bing,-1
implic,negative,bing,-1
implod,negative,bing,-1
impolit,negative,bing,-1
imponent,negative,bing,-1
impopol,negative,bing,-1
imporr,negative,bing,-1
importun,negative,bing,-1
imposizion,negative,bing,-1
imposs,negative,bing,-1
impossibil,negative,bing,-1
impotent,negative,bing,-1
impover,negative,bing,-1
imprec,negative,bing,-1
imprecis,negative,bing,-1
imprecision,negative,bing,-1
imprepar,negative,bing,-1
impreved,negative,bing,-1
imprev,negative,bing,-1
imprigion,negative,bing,-1
improb,negative,bing,-1
improdutt,negative,bing,-1
impropr,negative,bing,-1
impropriet,negative,bing,-1
improvvis,negative,bing,-1
imprudent,negative,bing,-1
impudent,negative,bing,-1
impugn,negative,bing,-1
impuls,negative,bing,-1
impun,negative,bing,-1
impur,negative,bing,-1
in-cal,negative,bing,-1
in-ebollizion,negative,bing,-1
in-fug,negative,bing,-1
in-mancanz-di,negative,bing,-1
in-manier-illog,negative,bing,-1
in-mod-irregol,negative,bing,-1
in-mod-non-corrett,negative,bing,-1
in-pien-regol,negative,bing,-1
in-pred-al-panic,negative,bing,-1
in-ritard,negative,bing,-1
in-secc,negative,bing,-1
inaccett,negative,bing,-2
inaccettabil,negative,bing,-2
inadatt,negative,bing,-1
inadeguatezz,negative,bing,-2
inadempient,negative,bing,-1
inaffid,negative,bing,-2
inammiss,negative,bing,-2
inarticol,negative,bing,-1
inaspettat,negative,bing,-1
inaspett,negative,bing,-1
inatt,negative,bing,-1
inattu,negative,bing,-1
incapac,negative,bing,-1
incasin,negative,bing,-1
incaut,negative,bing,-1
inca,negative,bing,-1
incendiar,negative,bing,-1
imbellett,negative,bing,-1
incert,negative,bing,-1
incess,negative,bing,-1
incessant,negative,bing,-1
inciamp,negative,bing,-1
incident,negative,bing,-1
incit,negative,bing,-1
incivil,negative,bing,-3
incivilt,negative,bing,-3
inclement,negative,bing,-1
incoerent,negative,bing,-1
incommensur,negative,bing,-1
incompar,negative,bing,-1
incomparabil,negative,bing,-1
incompat,negative,bing,-1
incompatibil,negative,bing,-1
incompetent,negative,bing,-3
incomp,negative,bing,-1
incomplet,negative,bing,-1
incomprens,negative,bing,-1
incomprension,negative,bing,-1
incompres,negative,bing,-1
inconcep,negative,bing,-1
inconcepibil,negative,bing,-3
inconcil,negative,bing,-1
incongruent,negative,bing,-1
incongru,negative,bing,-1
inconsapevol,negative,bing,-1
inconseguent,negative,bing,-1
inconsiderat,negative,bing,-1
inconsistent,negative,bing,-1
inconsol,negative,bing,-1
inconvenient,negative,bing,-1
incorregg,negative,bing,-1
incorreggibil,negative,bing,-1
incost,negative,bing,-1
incred,negative,bing,-1
incredibil,negative,bing,-1
incredul,negative,bing,-1
incresp,negative,bing,-1
incub,negative,bing,-3
inculc,negative,bing,-1
indeb,negative,bing,-1
indebol,negative,bing,-1
indecent,negative,bing,-2
indecision,negative,bing,-1
indecis,negative,bing,-1
indecor,negative,bing,-1
indefin,negative,bing,-1
indegn,negative,bing,-1
indelic,negative,bing,-1
indennizz,negative,bing,-1
indesider,negative,bing,-1
indetermin,negative,bing,-1
indetermi-1tezz,negative,bing,-1
indic,negative,bing,-1
indietr,negative,bing,-1
indifend,negative,bing,-1
indifes,negative,bing,-1
indifferent,negative,bing,-1
indigent,negative,bing,-1
indigest,negative,bing,-1
indign,negative,bing,-1
indimostr,negative,bing,-1
indirett,negative,bing,-1
indirizz-sbagl,negative,bing,-1
indiscern,negative,bing,-1
indisciplin,negative,bing,-1
indiscret,negative,bing,-1
indiscrezion,negative,bing,-1
indiscrimi-1t,negative,bing,-1
indiscrimin,negative,bing,-1
indispett,negative,bing,-1
indispost,negative,bing,-1
indistingu,negative,bing,-1
indolent,negative,bing,-1
indolenz,negative,bing,-1
indoss,negative,bing,-1
indottrin,negative,bing,-1
indulg,negative,bing,-1
indur,negative,bing,-1
indurr-in-error,negative,bing,-1
inefficac,negative,bing,-1
inefficient,negative,bing,-1
inegual,negative,bing,-1
ineleg,negative,bing,-1
inelegg,negative,bing,-1
inesatt,negative,bing,-1
inesattezz,negative,bing,-1
inesig,negative,bing,-1
inesistent,negative,bing,-1
inesor,negative,bing,-1
inesorabil,negative,bing,-1
inesperient,negative,bing,-1
inespert,negative,bing,-1
inesp,negative,bing,-1
inestric,negative,bing,-1
inestricabil,negative,bing,-1
inettitudin,negative,bing,-1
inett,negative,bing,-1
inevit,negative,bing,-1
inevitabil,negative,bing,-1
infam,negative,bing,-1
infantil,negative,bing,-1
infastid,negative,bing,-2
infedel,negative,bing,-1
infel,negative,bing,-1
infelic,negative,bing,-1
inferior,negative,bing,-2
inferm,negative,bing,-1
infernal,negative,bing,-3
infern,negative,bing,-3
infest,negative,bing,-1
infett,negative,bing,-1
infezion,negative,bing,-1
infiamm,negative,bing,-1
infiammator,negative,bing,-1
infid,negative,bing,-1
infiltr,negative,bing,-1
infirm,negative,bing,-1
inflazionist,negative,bing,-1
infless,negative,bing,-1
infligg,negative,bing,-1
infond,negative,bing,-1
infrazion,negative,bing,-1
infruttu,negative,bing,-1
infuriant,negative,bing,-1
infur,negative,bing,-1
ingann,negative,bing,-2
ingannevol,negative,bing,-2
ingenu,negative,bing,-1
ingiung,negative,bing,-1
ingiur,negative,bing,-1
ingiust,negative,bing,-2
ingiustific,negative,bing,-2
ingiustificat,negative,bing,-2
ingiustiz,negative,bing,-1
inglor,negative,bing,-1
ingombr,negative,bing,-1
ingratitudin,negative,bing,-1
ingrat,negative,bing,-1
inguard,negative,bing,-1
inib,negative,bing,-1
inibizion,negative,bing,-1
inimic,negative,bing,-1
inimiciz,negative,bing,-1
inimmagin,negative,bing,-1
inimmaginabil,negative,bing,-1
inintellig,negative,bing,-1
iniqu,negative,bing,-1
innatural,negative,bing,-1
innervos,negative,bing,-2
innest,negative,bing,-1
inond,negative,bing,-1
inoper,negative,bing,-1
inopportun,negative,bing,-2
inorrid,negative,bing,-3
inospital,negative,bing,-2
inosserv,negative,bing,-1
inquiet,negative,bing,-3
inquietant,negative,bing,-3
inquietudin,negative,bing,-1
inquin,negative,bing,-1
insapon,negative,bing,-1
insaz,negative,bing,-1
insensat,negative,bing,-1
insens,negative,bing,-1
insensibil,negative,bing,-1
insett,negative,bing,-1
insicurezz,negative,bing,-1
insicur,negative,bing,-1
insid,negative,bing,-1
insignific,negative,bing,-1
insincer,negative,bing,-1
insinu,negative,bing,-1
insociabl,negative,bing,-1
insoddisfacent,negative,bing,-2
insoddisfatt,negative,bing,-2
insoddisf,negative,bing,-2
insolent,negative,bing,-1
insolit,negative,bing,-1
insol,negative,bing,-1
insolvent,negative,bing,-1
insopport,negative,bing,-2
insopportabil,negative,bing,-3
insormont,negative,bing,-1
insosten,negative,bing,-1
insoucianc,negative,bing,-1
inspieg,negative,bing,-1
instabil,negative,bing,-1
insubordin,negative,bing,-1
insudic,negative,bing,-1
insufficient,negative,bing,-1
insul,negative,bing,-1
insult,negative,bing,-3
insurrezion,negative,bing,-1
intas,negative,bing,-1
intatt,negative,bing,-1
intef,negative,bing,-1
intens,negative,bing,-1
intercett,negative,bing,-1
interess,negative,bing,-1
interess-perso-nal,negative,bing,-1
interferent,negative,bing,-1
interfer,negative,bing,-1
intermittent,negative,bing,-1
interromp,negative,bing,-1
interrott,negative,bing,-1
interru,negative,bing,-1
intimidator,negative,bing,-1
intimid,negative,bing,-1
intont,negative,bing,-1
intopp,negative,bing,-1
intorpid,negative,bing,-1
intossic,negative,bing,-1
intransigent,negative,bing,-1
intrappol,negative,bing,-1
intrapres,negative,bing,-1
intratt,negative,bing,-1
intromett,negative,bing,-1
intrusion,negative,bing,-1
inud,negative,bing,-1
inuman,negative,bing,-3
inutil,negative,bing,-1
inutilizz,negative,bing,-1
invadent,negative,bing,-2
invad,negative,bing,-1
invalid,negative,bing,-1
invan,negative,bing,-1
invasion,negative,bing,-1
invasor,negative,bing,-1
inverosimil,negative,bing,-1
invett,negative,bing,-1
invid,negative,bing,-1
invis,negative,bing,-1
involontar,negative,bing,-1
invol,negative,bing,-1
ipocris,negative,bing,-1
ipocr,negative,bing,-1
ipocrit,negative,bing,-1
ira,negative,bing,-1
irasc,negative,bing,-1
iron,negative,bing,-1
irraggiung,negative,bing,-1
irragionevol,negative,bing,-1
irragionevolezz,negative,bing,-1
irrazional,negative,bing,-1
irrecuper,negative,bing,-1
irredim,negative,bing,-1
irregol,negative,bing,-1
irregolar,negative,bing,-1
irrepar,negative,bing,-1
irreprim,negative,bing,-1
irrequietezz,negative,bing,-1
irrequiet,negative,bing,-1
irresol,negative,bing,-1
irrespons,negative,bing,-2
irresponsabil,negative,bing,-2
irretrievabl,negative,bing,-1
irrevers,negative,bing,-1
irrilev,negative,bing,-1
irrimed,negative,bing,-1
irrimediabil,negative,bing,-1
irrisolt,negative,bing,-1
irrisolv,negative,bing,-1
irrispett,negative,bing,-2
irrit,negative,bing,-1
isol,negative,bing,-1
ister,negative,bing,-1
istig,negative,bing,-1
lacon,negative,bing,-1
lament,negative,bing,-1
lamentel,negative,bing,-2
lamentevol,negative,bing,-2
languid,negative,bing,-1
langu,negative,bing,-1
languor,negative,bing,-1
lasciv,negative,bing,-1
lasc,negative,bing,-1
latenz,negative,bing,-1
lavagg-del-cervell,negative,bing,-1
lavell,negative,bing,-1
lavorett,negative,bing,-1
legatur,negative,bing,-1
legg-erron,negative,bing,-1
lei-odi,negative,bing,-1
lent,negative,bing,-1
les,negative,bing,-1
lesion,negative,bing,-1
letal,negative,bing,-1
letarg,negative,bing,-1
lezios,negative,bing,-1
libertin,negative,bing,-1
licenz,negative,bing,-1
licenzios,negative,bing,-1
limit,negative,bing,-1
lim,negative,bing,-1
line-dur,negative,bing,-1
lit,negative,bing,-1
litig,negative,bing,-1
livid,negative,bing,-1
local-prett,negative,bing,-1
lord,negative,bing,-1
lott,negative,bing,-1
luccic,negative,bing,-1
lugubr,negative,bing,-2
lunat,negative,bing,-2
lung,negative,bing,-1
lung-temp,negative,bing,-1
luog-isol,negative,bing,-1
lurc,negative,bing,-1
lutt,negative,bing,-1
luttuos,negative,bing,-1
macabr,negative,bing,-3
macc,negative,bing,-1
macell,negative,bing,-1
maciull,negative,bing,-1
magr,negative,bing,-1
mai-l'amor,negative,bing,-1
mal-concep,negative,bing,-1
mal-defin,negative,bing,-1
mal-di,negative,bing,-1
mal-di-schien,negative,bing,-1
mal-di-test,negative,bing,-1
mal-progett,negative,bing,-1
mal-utilizz,negative,bing,-1
malaccort,negative,bing,-1
malaticc,negative,bing,-1
mal,negative,bing,-1
malatt,negative,bing,-1
malavogl,negative,bing,-1
malconc,negative,bing,-1
malcontent,negative,bing,-2
maldestr,negative,bing,-1
maldicent,negative,bing,-1
maledett,negative,bing,-2
maledizion,negative,bing,-1
maleduc,negative,bing,-3
maleodor,negative,bing,-3
maless,negative,bing,-1
malevolent,negative,bing,-1
malevol,negative,bing,-2
malfattor,negative,bing,-2
malform,negative,bing,-1
malign,negative,bing,-2
malincon,negative,bing,-1
malintes,negative,bing,-1
maliz,negative,bing,-1
mals,negative,bing,-1
malsicur,negative,bing,-1
maltratt,negative,bing,-3
malvag,negative,bing,-2
manc,negative,bing,-1
mancanz,negative,bing,-1
mancanz-di-decor,negative,bing,-1
mancanz-di-legg,negative,bing,-1
mancanz-di-rispett,negative,bing,-1
manc-di-rispett,negative,bing,-1
mand-di-comparizion,negative,bing,-1
maniacal,negative,bing,-1
maniac,negative,bing,-1
manipol,negative,bing,-1
manomett,negative,bing,-1
marc,negative,bing,-1
margi-1l,negative,bing,-1
martir,negative,bing,-1
mascalzon,negative,bing,-1
massacr,negative,bing,-1
mediocr,negative,bing,-1
meger,negative,bing,-1
melodrammat,negative,bing,-1
mendic,negative,bing,-1
men-svilupp,negative,bing,-1
ment,negative,bing,-1
mercantegg,negative,bing,-1
merd,negative,bing,-1
meschin,negative,bing,-1
mett-a-repentagl,negative,bing,-1
mett-in-pericol,negative,bing,-1
mett-sott-accus,negative,bing,-1
milit,negative,bing,-1
millant,negative,bing,-1
min,negative,bing,-1
minacc,negative,bing,-2
miragg,negative,bing,-1
miscredent,negative,bing,-1
miser,negative,bing,-1
mister,negative,bing,-1
mistific,negative,bing,-1
mod-oscur,negative,bing,-1
molest,negative,bing,-1
moncon,negative,bing,-1
mond,negative,bing,-1
monell,negative,bing,-1
monoton,negative,bing,-1
monot,negative,bing,-1
morbos,negative,bing,-1
mordac,negative,bing,-1
mordent,negative,bing,-1
morent,negative,bing,-1
moribond,negative,bing,-1
mor,negative,bing,-1
mor-di-fam,negative,bing,-1
mortal,negative,bing,-1
mort,negative,bing,-1
mortific,negative,bing,-1
mortif,negative,bing,-1
mostr,negative,bing,-1
mostruos,negative,bing,-1
mot,negative,bing,-1
muff,negative,bing,-1
mult-polarizz,negative,bing,-1
muscol-flession,negative,bing,-1
mut,negative,bing,-1
nan,negative,bing,-1
naufrag,negative,bing,-1
nause,negative,bing,-2
nauseabond,negative,bing,-2
nauseant,negative,bing,-2
naus,negative,bing,-1
nebb,negative,bing,-1
nebul,negative,bing,-1
neg,negative,bing,-1
negat,negative,bing,-1
negazion,negative,bing,-1
negligent,negative,bing,-2
nemes,negative,bing,-1
nemic,negative,bing,-1
nepot,negative,bing,-1
nervos,negative,bing,-1
nevrot,negative,bing,-1
noc,negative,bing,-1
noi,negative,bing,-1
noios,negative,bing,-1
non-appropr,negative,bing,-1
non-assicur,negative,bing,-1
non-chiar,negative,bing,-1
non-competit,negative,bing,-1
non-conferm,negative,bing,-1
non-cooper,negative,bing,-1
non-cred,negative,bing,-1
non-desider,negative,bing,-1
non-destr,negative,bing,-1
non-dispon,negative,bing,-1
non-dispost,negative,bing,-1
non-divertent,negative,bing,-1
non-equo,negative,bing,-1
non-essenzial,negative,bing,-1
non-fiduc,negative,bing,-1
non-funn,negative,bing,-1
non-molt,negative,bing,-1
non-moviment,negative,bing,-1
non-necessar,negative,bing,-1
non-ortodoss,negative,bing,-1
non-pertinent,negative,bing,-1
non-plausibil,negative,bing,-1
non-pratic,negative,bing,-1
non-qualific,negative,bing,-1
non-realist,negative,bing,-1
non-rispond,negative,bing,-1
non-sicur,negative,bing,-1
non-son-d'accord,negative,bing,-1
non-support,negative,bing,-1
non-valid,negative,bing,-1
non-verit,negative,bing,-1
non-visibil,negative,bing,-1
non-vogl,negative,bing,-1
no-sens,negative,bing,-1
nostalg,negative,bing,-1
notor,negative,bing,-1
nutr-con-il-cucchiai,negative,bing,-1
nutr,negative,bing,-1
nuvol,negative,bing,-1
obbrobr,negative,bing,-3
obes,negative,bing,-1
obiezion,negative,bing,-1
obliqu,negative,bing,-1
obliter,negative,bing,-1
obsol,negative,bing,-1
occlud,negative,bing,-1
occlusion,negative,bing,-1
occlus,negative,bing,-1
odi,negative,bing,-1
odiator,negative,bing,-1
odios,negative,bing,-2
odor,negative,bing,-2
offend,negative,bing,-2
offens,negative,bing,-2
offes,negative,bing,-2
offusc,negative,bing,-1
oltragg,negative,bing,-3
oltrepass,negative,bing,-1
ombregg,negative,bing,-1
ombros,negative,bing,-1
omett,negative,bing,-1
omicid,negative,bing,-1
omission,negative,bing,-1
oner,negative,bing,-1
oppors,negative,bing,-1
opportunist,negative,bing,-1
opposizion,negative,bing,-1
oppression,negative,bing,-1
oppress,negative,bing,-1
oppressor,negative,bing,-1
oppriment,negative,bing,-2
opprim,negative,bing,-2
orda,negative,bing,-1
orfan,negative,bing,-1
orma-rud,negative,bing,-1
orrend,negative,bing,-3
orribil,negative,bing,-3
orrid,negative,bing,-3
orripil,negative,bing,-3
orror,negative,bing,-3
ortic,negative,bing,-1
oscen,negative,bing,-3
oscill,negative,bing,-1
oscur,negative,bing,-1
ossession,negative,bing,-1
ossess,negative,bing,-1
ostacol,negative,bing,-1
ostagg,negative,bing,-1
ostent,negative,bing,-1
ostil,negative,bing,-2
osti-1t,negative,bing,-1
ostin,negative,bing,-1
ostruent,negative,bing,-1
ostru,negative,bing,-1
ostruzion,negative,bing,-1
ottus,negative,bing,-1
oversiz,negative,bing,-1
pacc,negative,bing,-1
padron,negative,bing,-1
pagan,negative,bing,-1
pallid,negative,bing,-1
pandemon,negative,bing,-1
panic,negative,bing,-1
paradossal,negative,bing,-1
paralizz,negative,bing,-1
paranoi,negative,bing,-1
paran,negative,bing,-1
parass,negative,bing,-1
par,negative,bing,-1
parod,negative,bing,-1
parzial,negative,bing,-1
pass,negative,bing,-1
passiv,negative,bing,-1
pasticcion,negative,bing,-1
pastos,negative,bing,-1
patet,negative,bing,-1
paur,negative,bing,-2
pauros,negative,bing,-2
pavonegg,negative,bing,-1
pazz,negative,bing,-1
peccamin,negative,bing,-1
pecc,negative,bing,-1
pedagg,negative,bing,-1
pedant,negative,bing,-1
pegg,negative,bing,-2
peggior,negative,bing,-2
pegn,negative,bing,-1
pen,negative,bing,-1
penal,negative,bing,-1
penalizz,negative,bing,-1
pent,negative,bing,-1
perd,negative,bing,-1
perdent,negative,bing,-1
perdut,negative,bing,-1
perfid,negative,bing,-1
pericol,negative,bing,-2
pericol-di-vit,negative,bing,-1
pericolos,negative,bing,-2
per,negative,bing,-1
permal,negative,bing,-1
pernic,negative,bing,-1
perpless,negative,bing,-1
persecu,negative,bing,-1
persegu,negative,bing,-1
perseguit,negative,bing,-1
perti-1c,negative,bing,-1
perturb,negative,bing,-1
pervas,negative,bing,-1
pervers,negative,bing,-1
perversion,negative,bing,-1
pervert,negative,bing,-2
pessim,negative,bing,-3
pessimist,negative,bing,-1
pest,negative,bing,-1
pestilenzial,negative,bing,-1
pettegolezz,negative,bing,-1
pezz,negative,bing,-1
piagniste,negative,bing,-1
piagnucol,negative,bing,-1
piang,negative,bing,-1
picchettagg,negative,bing,-1
picchett,negative,bing,-1
piccolezz,negative,bing,-1
pieg,negative,bing,-1
pien-di-rimors,negative,bing,-1
pien-di-sem,negative,bing,-1
pietos,negative,bing,-3
pietrific,negative,bing,-2
pignol,negative,bing,-1
pigr,negative,bing,-1
piuttost-piccol,negative,bing,-1
pizzic,negative,bing,-1
pizzicor,negative,bing,-1
plag,negative,bing,-1
plateal,negative,bing,-1
plebe,negative,bing,-1
poc-attraent,negative,bing,-1
poc-conosc,negative,bing,-1
poc-convincent,negative,bing,-1
poc-giudiz,negative,bing,-1
poc-inclin,negative,bing,-1
polarizz,negative,bing,-1
polem,negative,bing,-1
polemizz,negative,bing,-1
polen,negative,bing,-1
polv,negative,bing,-1
polver,negative,bing,-1
pompos,negative,bing,-1
porcil,negative,bing,-2
port-lord,negative,bing,-1
port-a-cas,negative,bing,-1
portator-di-handicap,negative,bing,-1
port,negative,bing,-1
postur,negative,bing,-1
pover,negative,bing,-1
povert,negative,bing,-1
prat,negative,bing,-1
precar,negative,bing,-1
precipit,negative,bing,-1
predator,negative,bing,-1
pregiudic,negative,bing,-1
pregiudiz,negative,bing,-1
pregiudizievol,negative,bing,-1
premedit,negative,bing,-1
prem,negative,bing,-1
preoccup,negative,bing,-2
prepotent,negative,bing,-2
presuntu,negative,bing,-1
presunzion,negative,bing,-1
pretenz,negative,bing,-1
prevaric,negative,bing,-1
prigion,negative,bing,-1
prigionier,negative,bing,-1
primit,negative,bing,-1
priv,negative,bing,-1
problem,negative,bing,-1
problemat,negative,bing,-1
procrastin,negative,bing,-1
prodigal,negative,bing,-1
profan,negative,bing,-1
prof,negative,bing,-1
proibit,negative,bing,-1
proliss,negative,bing,-1
pronunc-mal,negative,bing,-1
propagand,negative,bing,-1
protest,negative,bing,-1
protratt,negative,bing,-1
provoc,negative,bing,-1
provvisor,negative,bing,-1
prurigin,negative,bing,-1
prur,negative,bing,-1
pugn,negative,bing,-1
puls,negative,bing,-1
pulsazion,negative,bing,-1
pungent,negative,bing,-1
pungol,negative,bing,-1
punibil,negative,bing,-1
pun,negative,bing,-1
punit,negative,bing,-1
puntigl,negative,bing,-1
punton,negative,bing,-1
punzon,negative,bing,-1
purtropp,negative,bing,-1
puttan,negative,bing,-2
puzz,negative,bing,-2
puzzolent,negative,bing,-2
rabb,negative,bing,-1
rabbios,negative,bing,-1
rabbrivid,negative,bing,-3
raccapricc,negative,bing,-3
rachit,negative,bing,-1
radical,negative,bing,-1
radicalizz,negative,bing,-1
rallent,negative,bing,-1
rammar,negative,bing,-1
rampant,negative,bing,-1
rampin,negative,bing,-1
rancor,negative,bing,-1
rassegn,negative,bing,-1
rastrell,negative,bing,-1
rattrist,negative,bing,-1
razz,negative,bing,-1
razzism,negative,bing,-3
razzist,negative,bing,-3
reat,negative,bing,-2
reazio-1r,negative,bing,-1
recession,negative,bing,-1
reclam,negative,bing,-1
reclusion,negative,bing,-1
regred,negative,bing,-1
regression,negative,bing,-1
regress,negative,bing,-1
reiett,negative,bing,-1
relitt,negative,bing,-1
repression,negative,bing,-1
repress,negative,bing,-1
reprim,negative,bing,-1
repulsion,negative,bing,-1
res-dei-cont,negative,bing,-1
resistent,negative,bing,-1
resping,negative,bing,-1
respint,negative,bing,-1
restritt,negative,bing,-1
restrizion,negative,bing,-1
reticent,negative,bing,-1
retor,negative,bing,-1
retroced,negative,bing,-1
revoc,negative,bing,-1
revuls,negative,bing,-1
ribalt,negative,bing,-1
ribass,negative,bing,-1
ribell,negative,bing,-1
riboll,negative,bing,-1
ricad,negative,bing,-1
ricalcitr,negative,bing,-1
ricatt,negative,bing,-1
richied-temp,negative,bing,-1
ricors,negative,bing,-1
ridicol,negative,bing,-1
ridond,negative,bing,-1
rif,negative,bing,-1
rifiut,negative,bing,-1
rigid,negative,bing,-1
rigidezz,negative,bing,-1
rigor,negative,bing,-1
rilutt,negative,bing,-1
rimors,negative,bing,-1
rimostr,negative,bing,-1
rimpiant,negative,bing,-1
rimprover,negative,bing,-1
rincul,negative,bing,-1
ring,negative,bing,-1
rinunc,negative,bing,-1
rip,negative,bing,-1
ripetit,negative,bing,-1
ripid,negative,bing,-1
riprovevol,negative,bing,-1
ripud,negative,bing,-1
ripugn,negative,bing,-1
risc,negative,bing,-1
rischios,negative,bing,-1
risent,negative,bing,-1
risent-di,negative,bing,-1
risorgent,negative,bing,-1
ristagn,negative,bing,-1
ristrett,negative,bing,-1
ritard,negative,bing,-1
ritir,negative,bing,-1
ritorn,negative,bing,-1
ritorsion,negative,bing,-1
ritort,negative,bing,-1
ritratt,negative,bing,-1
rival,negative,bing,-1
rivest-di-zuccher,negative,bing,-1
rivolt,negative,bing,-1
robb,negative,bing,-1
roccios,negative,bing,-1
rodent,negative,bing,-1
ronz,negative,bing,-1
rottam,negative,bing,-2
rott,negative,bing,-1
rottur,negative,bing,-1
rovent,negative,bing,-1
rovesc,negative,bing,-1
rovin,negative,bing,-1
rozz,negative,bing,-1
irremediabl,negative,bing,-1
rub,negative,bing,-1
rud,negative,bing,-1
rue,negative,bing,-1
ruffian,negative,bing,-1
rug,negative,bing,-1
ruggin,negative,bing,-1
rugh,negative,bing,-1
rugos,negative,bing,-1
rumor,negative,bing,-1
sabotagg,negative,bing,-1
sacchegg,negative,bing,-1
sacc,negative,bing,-1
sacrific,negative,bing,-1
saltuar,negative,bing,-1
sanguin,negative,bing,-1
sanguisug,negative,bing,-1
sarcasm,negative,bing,-1
sarcast,negative,bing,-1
sardon,negative,bing,-1
satiregg,negative,bing,-1
satir,negative,bing,-1
sbadigl,negative,bing,-1
sbagl,negative,bing,-1
sbalord,negative,bing,-1
sbav,negative,bing,-1
sbavatur,negative,bing,-1
sbilanc,negative,bing,-1
sbilenc,negative,bing,-1
sbrindell,negative,bing,-1
sbrogl,negative,bing,-1
scacc,negative,bing,-1
scad,negative,bing,-2
scadent,negative,bing,-2
scandal,negative,bing,-3
scandalizz,negative,bing,-3
scappatell,negative,bing,-1
scappatoi,negative,bing,-1
scaric,negative,bing,-1
scars,negative,bing,-2
scarsezz,negative,bing,-2
scarsit,negative,bing,-2
scart,negative,bing,-2
scaten,negative,bing,-1
scettic,negative,bing,-1
scheletr,negative,bing,-1
schern,negative,bing,-1
scherz,negative,bing,-1
scherzos,negative,bing,-1
schiacc,negative,bing,-1
schiacciant,negative,bing,-1
schiaff,negative,bing,-1
schiamazz,negative,bing,-1
schi,negative,bing,-1
schiavizz,negative,bing,-1
schifos,negative,bing,-3
schif,negative,bing,-3
schiumos,negative,bing,-1
schiv,negative,bing,-1
sciatt,negative,bing,-1
scind,negative,bing,-1
sciocc,negative,bing,-2
scioccant,negative,bing,-2
sciolt,negative,bing,-1
scioper,negative,bing,-1
scission,negative,bing,-1
scomod,negative,bing,-2
scompars,negative,bing,-1
scompigl,negative,bing,-1
sconcert,negative,bing,-2
sconfess,negative,bing,-1
sconosc,negative,bing,-1
sconsiderat,negative,bing,-1
sconsideratezz,negative,bing,-1
sconsider,negative,bing,-1
sconsigl,negative,bing,-2
sconsol,negative,bing,-1
sconsolat,negative,bing,-1
scontent,negative,bing,-2
scontr,negative,bing,-2
scontros,negative,bing,-2
sconvenient,negative,bing,-2
sconvolgent,negative,bing,-1
sconvolg,negative,bing,-1
sconvolt,negative,bing,-1
scopp,negative,bing,-1
scoragg,negative,bing,-1
scorrett,negative,bing,-1
scortes,negative,bing,-2
scortic,negative,bing,-1
scoss,negative,bing,-1
scostant,negative,bing,-1
scredit,negative,bing,-1
screpol,negative,bing,-1
scricchiol,negative,bing,-1
scroccon,negative,bing,-1
scrupol,negative,bing,-1
sculacc,negative,bing,-1
scur,negative,bing,-1
scus,negative,bing,-1
sdegnos,negative,bing,-2
sdolci-natezz,negative,bing,-1
seccatur,negative,bing,-1
second-livell,negative,bing,-1
sedentar,negative,bing,-1
segret,negative,bing,-1
selvagg,negative,bing,-1
sem-ritard,negative,bing,-1
semplicist,negative,bing,-1
semplific,negative,bing,-1
semplif,negative,bing,-1
senil,negative,bing,-1
sens-di-colp,negative,bing,-1
senz-amor,negative,bing,-1
senz-cervell,negative,bing,-1
senz-compromess,negative,bing,-1
senz-document,negative,bing,-1
senz-legg,negative,bing,-1
senz-licenz,negative,bing,-1
senz-pens,negative,bing,-1
senz-piet,negative,bing,-1
senz-scop,negative,bing,-1
senz-scrupol,negative,bing,-1
senz-sens,negative,bing,-1
senz-speranz,negative,bing,-1
senz-success,negative,bing,-1
senz-vit,negative,bing,-1
separ,negative,bing,-1
servil,negative,bing,-1
set,negative,bing,-1
sfacc,negative,bing,-1
sfacciataggin,negative,bing,-2
sfacciat,negative,bing,-2
sfarfall,negative,bing,-1
sfavorevol,negative,bing,-1
sfid,negative,bing,-1
sfiduc,negative,bing,-1
sfoc,negative,bing,-1
sfog,negative,bing,-1
sfoll,negative,bing,-1
sfortun,negative,bing,-1
sfortu-1t,negative,bing,-1
sforz,negative,bing,-1
sfreg,negative,bing,-1
sfren,negative,bing,-1
sfrontatezz,negative,bing,-1
sfrutt,negative,bing,-1
sgangher,negative,bing,-1
sgoment,negative,bing,-3
sgradevol,negative,bing,-2
sgrad,negative,bing,-1
sgraziat,negative,bing,-2
sgraz,negative,bing,-1
sgretol,negative,bing,-1
sgrid,negative,bing,-1
sguazz,negative,bing,-1
si-arrend-facil,negative,bing,-1
si-blocc,negative,bing,-1
sibil,negative,bing,-1
siccit,negative,bing,-1
siep,negative,bing,-1
sindrom,negative,bing,-1
sinistr,negative,bing,-1
sintom,negative,bing,-1
situazion-critic,negative,bing,-1
situazion-di-stall,negative,bing,-1
situazion-difficil,negative,bing,-1
slav,negative,bing,-1
sleal,negative,bing,-2
slealt,negative,bing,-2
slog,negative,bing,-1
smarr,negative,bing,-1
sment,negative,bing,-1
sminu,negative,bing,-1
smod,negative,bing,-1
smodat,negative,bing,-1
smorf,negative,bing,-1
snervant,negative,bing,-2
snob,negative,bing,-1
snobb,negative,bing,-1
sob,negative,bing,-1
sobr,negative,bing,-1
soccomb,negative,bing,-1
sofferent,negative,bing,-1
soffert,negative,bing,-1
soffoc,negative,bing,-1
soffr,negative,bing,-1
sofistic,negative,bing,-1
soggezion,negative,bing,-1
soggiog,negative,bing,-1
solitar,negative,bing,-1
solitudin,negative,bing,-1
somar,negative,bing,-1
sommers,negative,bing,-1
soppression,negative,bing,-1
sopraff,negative,bing,-1
sopraffatt,negative,bing,-1
sopravval,negative,bing,-1
sopravvalut,negative,bing,-2
sord,negative,bing,-1
sornion,negative,bing,-1
sospett,negative,bing,-1
sottodimension,negative,bing,-1
sottoline,negative,bing,-1
sottomess,negative,bing,-1
sottomission,negative,bing,-1
sottopag,negative,bing,-1
sottopost,negative,bing,-1
sottoquot,negative,bing,-1
sottosquadr,negative,bing,-1
sottot,negative,bing,-1
sottrarr,negative,bing,-1
sovraccar,negative,bing,-1
sovrappes,negative,bing,-1
sovrastim,negative,bing,-1
sovversion,negative,bing,-1
sovvers,negative,bing,-1
sovvert,negative,bing,-1
spaccatur,negative,bing,-1
spadronegg,negative,bing,-1
sparg-di-sangu,negative,bing,-1
spar,negative,bing,-1
spavald,negative,bing,-1
spavent,negative,bing,-1
spaventevol,negative,bing,-2
spericol,negative,bing,-1
sperper,negative,bing,-1
spettral,negative,bing,-1
spettr,negative,bing,-1
spiacevol,negative,bing,-2
spiegazz,negative,bing,-1
spietat,negative,bing,-1
spietatezz,negative,bing,-1
spiet,negative,bing,-1
spiffer,negative,bing,-1
spinos,negative,bing,-1
spir-battaglier,negative,bing,-1
spogl,negative,bing,-1
sporad,negative,bing,-1
sporciz,negative,bing,-3
sporc,negative,bing,-3
spost,negative,bing,-1
sprec,negative,bing,-1
spregevol,negative,bing,-3
spregiat,negative,bing,-1
spregiudicat,negative,bing,-1
sprezzant,negative,bing,-1
sproloqu,negative,bing,-1
sproporzion,negative,bing,-1
spudorat,negative,bing,-1
spudoratezz,negative,bing,-1
spudor,negative,bing,-1
spur,negative,bing,-1
squallid,negative,bing,-3
squallor,negative,bing,-3
squal,negative,bing,-1
squamos,negative,bing,-1
squilibr,negative,bing,-1
squitt,negative,bing,-1
sradic,negative,bing,-1
stag-1nt,negative,bing,-1
stag-1zion,negative,bing,-1
stall,negative,bing,-1
stamped,negative,bing,-1
stamp,negative,bing,-1
stant,negative,bing,-1
static,negative,bing,-1
stereotip,negative,bing,-1
steril,negative,bing,-1
stermin,negative,bing,-1
stigm,negative,bing,-1
stigmatizz,negative,bing,-1
stizz,negative,bing,-1
stizzos,negative,bing,-1
stord,negative,bing,-1
storp,negative,bing,-1
straf,negative,bing,-1
strag,negative,bing,-1
stran,negative,bing,-1
stranezz,negative,bing,-1
strangol,negative,bing,-1
strapag,negative,bing,-1
strapazz,negative,bing,-1
strapp,negative,bing,-1
stravag,negative,bing,-1
straziant,negative,bing,-2
streg,negative,bing,-1
stress,negative,bing,-1
stressant,negative,bing,-2
strett,negative,bing,-2
strident,negative,bing,-1
strid,negative,bing,-1
stridul,negative,bing,-1
strill,negative,bing,-1
striminz,negative,bing,-1
strisc,negative,bing,-1
strisciant,negative,bing,-1
strofin,negative,bing,-1
stronz,negative,bing,-3
stropicc,negative,bing,-1
strozz,negative,bing,-1
strugg,negative,bing,-1
struggent,negative,bing,-1
stucchevol,negative,bing,-2
stupefatt,negative,bing,-1
stupid,negative,bing,-2
stupr,negative,bing,-1
subaltern,negative,bing,-1
subdol,negative,bing,-2
subordin,negative,bing,-1
succ,negative,bing,-1
sudar,negative,bing,-1
sud,negative,bing,-1
suicid,negative,bing,-1
superficial,negative,bing,-1
superflu,negative,bing,-1
superstizion,negative,bing,-1
superstiz,negative,bing,-1
supplic,negative,bing,-1
supponent,negative,bing,-2
surriscald,negative,bing,-2
suscett,negative,bing,-1
svantagg,negative,bing,-1
sventr,negative,bing,-1
svil,negative,bing,-1
svist,negative,bing,-1
svit,negative,bing,-1
svogl,negative,bing,-1
tagl,negative,bing,-1
tard,negative,bing,-1
tassazion,negative,bing,-1
tast,negative,bing,-1
tedios,negative,bing,-1
temerar,negative,bing,-1
temerariet,negative,bing,-1
temper,negative,bing,-1
tempest,negative,bing,-1
tension,negative,bing,-1
tentazion,negative,bing,-1
tentenn,negative,bing,-1
terremot,negative,bing,-1
terribil,negative,bing,-3
terror,negative,bing,-3
terrorizz,negative,bing,-3
tes,negative,bing,-1
test-cald,negative,bing,-1
testardaggin,negative,bing,-2
testard,negative,bing,-2
ti-odi,negative,bing,-1
tirann,negative,bing,-1
tirapied,negative,bing,-1
tirc,negative,bing,-1
tont,negative,bing,-1
toporagn,negative,bing,-1
torment,negative,bing,-1
torrent,negative,bing,-1
tortuos,negative,bing,-1
tortur,negative,bing,-1
tossic,negative,bing,-2
tossicodipendent,negative,bing,-1
totalitar,negative,bing,-1
traball,negative,bing,-1
trad,negative,bing,-1
traditor,negative,bing,-1
traged,negative,bing,-1
tragic,negative,bing,-1
tram,negative,bing,-1
trappol,negative,bing,-1
trasal,negative,bing,-1
trascin,negative,bing,-1
trascur,negative,bing,-1
trasecol,negative,bing,-1
trasgred,negative,bing,-1
trasgression,negative,bing,-1
trasgression-dell-legg,negative,bing,-1
trasgressor-dell-legg,negative,bing,-1
trasgressor,negative,bing,-1
trash,negative,bing,-1
traum,negative,bing,-2
traumat,negative,bing,-2
traumatizz,negative,bing,-2
travagl,negative,bing,-1
travis,negative,bing,-1
travolg,negative,bing,-1
trist,negative,bing,-2
tristement,negative,bing,-2
tristezz,negative,bing,-2
troi,negative,bing,-1
tropp-car,negative,bing,-1
tropp-mal,negative,bing,-1
trucc,negative,bing,-1
truff,negative,bing,-2
truffator,negative,bing,-2
tumult,negative,bing,-1
tumultu,negative,bing,-1
turbolent,negative,bing,-1
ubriac,negative,bing,-2
ubriacon,negative,bing,-2
uccid,negative,bing,-1
uccis,negative,bing,-1
ultimatum,negative,bing,-1
ultim-disper,negative,bing,-1
urgent,negative,bing,-1
urtand,negative,bing,-1
urtar,negative,bing,-1
urtat,negative,bing,-1
urti,negative,bing,-1
ustion,negative,bing,-1
usurp,negative,bing,-1
vacill,negative,bing,-1
vacu,negative,bing,-1
vag,negative,bing,-1
valang,negative,bing,-1
van,negative,bing,-1
vang,negative,bing,-1
vanit,negative,bing,-1
veement,negative,bing,-1
veemenz,negative,bing,-1
velen,negative,bing,-2
vendett,negative,bing,-1
vendic,negative,bing,-1
vendicat,negative,bing,-1
vergogn,negative,bing,-2
vers,negative,bing,-1
vertigin,negative,bing,-1
vescic,negative,bing,-1
vess,negative,bing,-1
viet,negative,bing,-1
vigliacc,negative,bing,-2
vil,negative,bing,-2
vilt,negative,bing,-2
violator,negative,bing,-1
violazion,negative,bing,-1
violenz,negative,bing,-2
violent,negative,bing,-2
viper,negative,bing,-1
virulent,negative,bing,-1
virus,negative,bing,-1
viscos,negative,bing,-1
vill,negative,bing,-1
vittim,negative,bing,-1
vittimizz,negative,bing,-1
viz,negative,bing,-1
vizios,negative,bing,-1
volg,negative,bing,-1
volubil,negative,bing,-1
vom,negative,bing,-1
vomit,negative,bing,-2
vulner,negative,bing,-1
vuot,negative,bing,-1
zelant,negative,bing,-1
zel,negative,bing,-1
zer,negative,bing,-1
zimbell,negative,bing,-1
zitell,negative,bing,-1
zomb,negative,bing,-1
zoppic,negative,bing,-1
zopp,negative,bing,-1
vaffancul,negative,bing,-1
affancul,negative,bing,-1
fancul,negative,bing,-1
sfig,negative,bing,-1
emotebad,negative,bing,-1
emotesick,negative,bing,-1
emotevil,negative,bing,-1
emotecry,negative,bing,-1
emoteshock,negative,bing,-1
emotedisapp,negative,bing,-1
emotesil,negative,bing,-1
emotesham,negative,bing,-1
abbagl,positive,bing,1
abbell,positive,bing,1
abbond,positive,bing,1
abbracc,positive,bing,1
abbriv,positive,bing,1
abil,positive,bing,1
accarezz,positive,bing,1
accattiv,positive,bing,1
access,positive,bing,1
acclam,positive,bing,1
accoglient,positive,bing,2
accolt,positive,bing,1
accomod,positive,bing,1
accur,positive,bing,1
acquis,positive,bing,1
acut,positive,bing,1
acutezz,positive,bing,1
adatt,positive,bing,1
addolc,positive,bing,1
adegu,positive,bing,1
ademp,positive,bing,1
ader,positive,bing,1
ador,positive,bing,3
adul,positive,bing,1
aerodin,positive,bing,1
affabil,positive,bing,1
affar,positive,bing,1
affascin,positive,bing,2
afferm,positive,bing,1
affett,positive,bing,1
affettu,positive,bing,1
affiat,positive,bing,1
affid,positive,bing,1
affin,positive,bing,1
affluent,positive,bing,1
affluenz,positive,bing,1
aggiorn,positive,bing,1
agil,positive,bing,1
ahah,positive,bing,1
aiut,positive,bing,1
alba,positive,bing,1
alla-mod,positive,bing,2
allegr,positive,bing,2
allett,positive,bing,1
allev,positive,bing,1
alliet,positive,bing,1
alta-qualit,positive,bing,3
altruist,positive,bing,2
amabil,positive,bing,2
amant,positive,bing,2
amat,positive,bing,2
amator,positive,bing,1
ambiz,positive,bing,1
amen,positive,bing,1
amichevol,positive,bing,2
amiciz,positive,bing,1
amic,positive,bing,1
ammir,positive,bing,2
ammirevol,positive,bing,2
ammiss,positive,bing,1
amo,positive,bing,3
amor,positive,bing,3
amorevol,positive,bing,3
ampi,positive,bing,1
angel,positive,bing,1
anim,positive,bing,1
apert,positive,bing,1
apertur,positive,bing,1
apot,positive,bing,1
appassionat,positive,bing,1
appassion,positive,bing,1
applaud,positive,bing,2
apprezz,positive,bing,2
apprezzabil,positive,bing,2
approv,positive,bing,1
ardent,positive,bing,1
ardor,positive,bing,1
armon,positive,bing,2
armonizz,positive,bing,2
arricc,positive,bing,1
arzill,positive,bing,1
aspir,positive,bing,1
assapor,positive,bing,1
assicur,positive,bing,1
astut,positive,bing,1
attendibil,positive,bing,1
attraent,positive,bing,2
attrazion,positive,bing,1
audac,positive,bing,2
augur,positive,bing,1
autent,positive,bing,1
autocompiac,positive,bing,1
autodetermin,positive,bing,1
autonom,positive,bing,1
autorevol,positive,bing,1
autorizz,positive,bing,1
autosufficient,positive,bing,1
avanzat,positive,bing,1
avvenent,positive,bing,1
avventur,positive,bing,1
avvincent,positive,bing,2
b-day,positive,bing,1
baglior,positive,bing,1
bass-prezz,positive,bing,1
bass-risc,positive,bing,1
beat,positive,bing,1
beatitudin,positive,bing,1
bell'aspett,positive,bing,2
bellezz,positive,bing,2
bell,positive,bing,2
mitic,positive,bing,3
ben-accolt,positive,bing,2
ben-colleg,positive,bing,2
ben-consider,positive,bing,1
ben-educ,positive,bing,2
ben-educato,positive,bing,2
ben-fatt,positive,bing,2
ben-gest,positive,bing,2
ben-inform,positive,bing,2
ben-istru,positive,bing,2
ben-posizion,positive,bing,2
ben-retroillumin,positive,bing,2
ben,positive,bing,2
bened,positive,bing,1
benedizion,positive,bing,1
beneduc,positive,bing,2
benefattor,positive,bing,2
benef,positive,bing,1
benefici,positive,bing,1
beneficiar,positive,bing,1
beness,positive,bing,2
benevolent,positive,bing,2
benevol,positive,bing,2
benifits,positive,bing,1
benven,positive,bing,1
bizzeff,positive,bing,1
bland,positive,bing,1
bollent,positive,bing,1
bont,positive,bing,1
bonus,positive,bing,2
brav,positive,bing,2
brezz,positive,bing,1
brillant,positive,bing,3
brillantezz,positive,bing,3
brill,positive,bing,3
brios,positive,bing,1
buon-compleann,positive,bing,1
buongiorn,positive,bing,2
buon-volont,positive,bing,2
buon-intenzion,positive,bing,2
buon,positive,bing,2
buonissim,positive,bing,3
bon,positive,bing,2
buonsens,positive,bing,1
cald,positive,bing,1
calm,positive,bing,1
calmant,positive,bing,1
calor,positive,bing,1
campion,positive,bing,1
capolavor,positive,bing,1
caratterist,positive,bing,1
cariner,positive,bing,1
carin,positive,bing,1
carism,positive,bing,1
carismat,positive,bing,1
caritatevol,positive,bing,1
car,positive,bing,1
cast,positive,bing,1
cavalleresc,positive,bing,1
cavaller,positive,bing,1
celebr,positive,bing,1
celer,positive,bing,1
celest,positive,bing,1
cerimon,positive,bing,1
cherubin,positive,bing,1
chiaramente,positive,bing,1
chiarezz,positive,bing,1
ciel,positive,bing,1
civilizz,positive,bing,1
civilt,positive,bing,1
coccol,positive,bing,1
coerent,positive,bing,1
coerenz,positive,bing,1
coes,positive,bing,1
colorat,positive,bing,1
comfort,positive,bing,1
commovent,positive,bing,1
comod,positive,bing,1
competent,positive,bing,2
competit,positive,bing,1
compiacent,positive,bing,2
complement,positive,bing,1
compliment,positive,bing,2
compl,positive,bing,1
comprens,positive,bing,1
con-affett,positive,bing,2
con-ammir,positive,bing,2
con-gioi,positive,bing,2
con-gratitudin,positive,bing,2
con-success,positive,bing,2
con-tutt-il-cuor,positive,bing,2
concil,positive,bing,1
concis,positive,bing,1
confid,positive,bing,1
confortevol,positive,bing,2
confort,positive,bing,2
congenial,positive,bing,1
congratul,positive,bing,1
consolid,positive,bing,1
contentezz,positive,bing,2
content,positive,bing,2
continu,positive,bing,1
convenient,positive,bing,1
convincent,positive,bing,1
convint,positive,bing,1
coolfin qu,positive,bing,1
cooper,positive,bing,1
coragg,positive,bing,1
cordial,positive,bing,2
corrett,positive,bing,1
cortes,positive,bing,1
coscienz,positive,bing,1
cos-buon,positive,bing,1
cos-content,positive,bing,1
costant,positive,bing,1
costanz,positive,bing,1
costrutt,positive,bing,1
creat,positive,bing,1
credibil,positive,bing,1
cred,positive,bing,1
croccant,positive,bing,1
cur,positive,bing,1
da-record,positive,bing,1
deferent,positive,bing,1
deginified,positive,bing,1
degn,positive,bing,1
degn-di-not,positive,bing,2
delicatezz,positive,bing,1
delic,positive,bing,2
deliz,positive,bing,2
desider,positive,bing,1
destin,positive,bing,1
destr,positive,bing,1
devot?,positive,bing,1
di-alta-qualit,positive,bing,3
di-bell'aspett,positive,bing,2
di-cuor,positive,bing,1
di-fam-mondiale?,positive,bing,1
di-luss,positive,bing,1
di-moda?,positive,bing,1
di-prim-qualit,positive,bing,1
di-princip,positive,bing,1
di-rispost,positive,bing,1
di-success,positive,bing,1
difensor,positive,bing,1
dignit,positive,bing,1
diligent,positive,bing,1
di1m,positive,bing,1
diplomat,positive,bing,1
dispon,positive,bing,1
dispost,positive,bing,1
distint,positive,bing,1
distinzion,positive,bing,1
divertent,positive,bing,1
divert,positive,bing,1
divin,positive,bing,1
dolc,positive,bing,1
dolcement,positive,bing,1
dolcezz,positive,bing,1
domin,positive,bing,1
don-t-kill,positive,bing,1
dot,positive,bing,1
duratur,positive,bing,1
durevol,positive,bing,1
ebbrezz,positive,bing,1
eccell,positive,bing,3
eccellent,positive,bing,3
eccels,positive,bing,3
eccezional,positive,bing,3
eccit,positive,bing,1
econom,positive,bing,2
edific,positive,bing,1
educ,positive,bing,2
efficac,positive,bing,2
efficient,positive,bing,2
efficient-energet,positive,bing,1
elast,positive,bing,1
eleg,positive,bing,1
elegant,positive,bing,3
elettrific,positive,bing,1
elev,positive,bing,1
elog,positive,bing,1
eloquent,positive,bing,1
eminent,positive,bing,1
emozio1nte?,positive,bing,1
emozio1nt,positive,bing,1
emozion,positive,bing,1
empat,positive,bing,1
empatizz,positive,bing,1
encom,positive,bing,1
energet,positive,bing,1
energ,positive,bing,1
entusiasm,positive,bing,2
entusiast,positive,bing,2
equilibr,positive,bing,1
equilibrio,positive,bing,1
equit,positive,bing,1
equo,positive,bing,1
ergonom,positive,bing,1
ero,positive,bing,1
eroic,positive,bing,1
eroin,positive,bing,1
erud,positive,bing,1
esalt,positive,bing,1
esempl,positive,bing,1
esilar,positive,bing,1
espans,positive,bing,1
esser-allegr,positive,bing,1
estas,positive,bing,1
estat,positive,bing,1
esuber,positive,bing,1
esult,positive,bing,1
etern,positive,bing,1
etic,positive,bing,1
eufor,positive,bing,2
evoc,positive,bing,1
fabbric,positive,bing,1
facil,positive,bing,1
facil-da-usar,positive,bing,1
facilit,positive,bing,1
fam,positive,bing,1
famos,positive,bing,1
fan,positive,bing,1
fanfar,positive,bing,1
fantas,positive,bing,1
fantast,positive,bing,1
fascin,positive,bing,1
fattibil,positive,bing,1
faust,positive,bing,1
favol,positive,bing,3
favorevol,positive,bing,1
favor,positive,bing,1
fecond,positive,bing,1
fed,positive,bing,1
fedel,positive,bing,1
fedelt,positive,bing,2
felic,positive,bing,2
fenomenal,positive,bing,1
fertil,positive,bing,1
fervent,positive,bing,1
fervid,positive,bing,1
fervor,positive,bing,1
fest,positive,bing,1
fid,positive,bing,1
fiduc,positive,bing,2
fier,positive,bing,2
fighissim,positive,bing,3
fig,positive,bing,3
fin,positive,bing,1
finement,positive,bing,1
fior,positive,bing,1
fiorent,positive,bing,1
flessibil,positive,bing,1
fluent,positive,bing,1
focos,positive,bing,1
follegg,positive,bing,1
formicol,positive,bing,1
formid,positive,bing,1
fort,positive,bing,1
fortuit,positive,bing,1
fortu,positive,bing,1
fortun,positive,bing,1
forz-d'anim,positive,bing,1
fratern,positive,bing,1
freschissim,positive,bing,2
fresc,positive,bing,2
frugal,positive,bing,1
fulgor,positive,bing,1
futurist,positive,bing,1
futur,positive,bing,1
galant,positive,bing,1
gallegg,positive,bing,1
garant,positive,bing,1
garanz,positive,bing,1
gemm,positive,bing,1
gener,positive,bing,1
generos,positive,bing,2
genial,positive,bing,3
gen,positive,bing,1
gentilezz,positive,bing,3
gentil,positive,bing,3
giocos,positive,bing,1
gioi,positive,bing,2
gioios,positive,bing,2
giovanil,positive,bing,2
giovial,positive,bing,2
giubil,positive,bing,1
giudiz,positive,bing,1
giust,positive,bing,1
giustezz,positive,bing,1
giustiz,positive,bing,1
global,positive,bing,1
glor,positive,bing,1
glorific,positive,bing,1
glorios,positive,bing,2
god,positive,bing,1
gradevol,positive,bing,2
grad,positive,bing,1
grand,positive,bing,1
grand-capac,positive,bing,2
grandezz,positive,bing,1
grandin,positive,bing,1
grandios,positive,bing,3
gratif,positive,bing,2
gratific,positive,bing,2
gratitudin,positive,bing,2
grat,positive,bing,2
gratu,positive,bing,1
graz,positive,bing,1
Graz-a-dio,positive,bing,1
grazios,positive,bing,2
guadagn,positive,bing,1
guar,positive,bing,1
guid,positive,bing,1
gust,positive,bing,1
gustos,positive,bing,1
hah,positive,bing,1
happ,positive,bing,1
happy,positive,bing,1
happy-birthday,positive,bing,1
hot,positive,bing,1
i-lov-you,positive,bing,1
ideal,positive,bing,2
idealizz,positive,bing,2
idilliac,positive,bing,3
idolatr,positive,bing,1
idol,positive,bing,1
il-mio-amor,positive,bing,1
illimit,positive,bing,1
illumin,positive,bing,1
illustr,positive,bing,1
imbatt,positive,bing,1
immacol,positive,bing,1
immediat,positive,bing,1
immens,positive,bing,1
imparegg,positive,bing,1
imparzial,positive,bing,1
imparzialit,positive,bing,1
impavid,positive,bing,1
impecc,positive,bing,1
impeccabil,positive,bing,2
impegn,positive,bing,1
imper,positive,bing,1
imperterr,positive,bing,1
imperturb,positive,bing,1
imponent,positive,bing,1
import,positive,bing,1
impres,positive,bing,1
impression,positive,bing,1
in-mod-sicur,positive,bing,1
in-omagg,positive,bing,1
in-particol,positive,bing,1
inattacc,positive,bing,1
incant,positive,bing,2
incantevol,positive,bing,3
incondizion,positive,bing,1
incoragg,positive,bing,1
incred,positive,bing,3
incredibil,positive,bing,3
incroll,positive,bing,1
indenn,positive,bing,1
indimentic,positive,bing,1
indiscuss,positive,bing,1
indiscut,positive,bing,1
indiscutibil,positive,bing,1
individualizz,positive,bing,1
indolor,positive,bing,1
indulgent,positive,bing,1
industr,positive,bing,1
inebr,positive,bing,1
ineguagl,positive,bing,2
inequivoc,positive,bing,1
inequivocabil,positive,bing,1
inestim,positive,bing,1
inestimabil,positive,bing,2
infall,positive,bing,1
infallibil,positive,bing,1
influent,positive,bing,1
influenz,positive,bing,1
ingegn,positive,bing,1
ingegnos,positive,bing,1
ingenu,positive,bing,1
in1mor,positive,bing,1
innocent,positive,bing,1
innocu,positive,bing,1
innov,positive,bing,1
inossid,positive,bing,1
insostitu,positive,bing,1
intatt,positive,bing,1
integral,positive,bing,1
integr,positive,bing,1
intelligent,positive,bing,2
intellig,positive,bing,2
intenzional,positive,bing,1
interess,positive,bing,1
intim,positive,bing,1
intraprendent,positive,bing,2
intratten,positive,bing,1
intrattien,positive,bing,1
intrepid,positive,bing,1
intric,positive,bing,1
intrig,positive,bing,1
intuit,positive,bing,1
invent,positive,bing,1
invinc,positive,bing,1
invincibil,positive,bing,1
inviol,positive,bing,1
invulner,positive,bing,1
ipnotizz,positive,bing,1
irreal,positive,bing,1
irreprens,positive,bing,1
irresist,positive,bing,3
irresistibil,positive,bing,3
ispir,positive,bing,1
istru,positive,bing,1
istrutt,positive,bing,1
kiss,positive,bing,1
labor,positive,bing,1
lavor-dur,positive,bing,1
lavor,positive,bing,1
leal,positive,bing,1
legal,positive,bing,1
leggendar,positive,bing,2
leggerezz,positive,bing,2
leggiadr,positive,bing,1
leggibil,positive,bing,1
legittim,positive,bing,1
len,positive,bing,1
liber,positive,bing,1
libert,positive,bing,1
lin,positive,bing,1
lod,positive,bing,1
lodevol,positive,bing,3
logic,positive,bing,1
lol,positive,bing,1
lov,positive,bing,1
lov-u,positive,bing,1
lov-you,positive,bing,1
low-cost,positive,bing,1
low-priced,positive,bing,1
luccic,positive,bing,1
lucent,positive,bing,2
lucentezz,positive,bing,2
lucid,positive,bing,1
lumin,positive,bing,2
lusinghier,positive,bing,1
luss,positive,bing,2
lussuos,positive,bing,2
lussuregg,positive,bing,2
lustr,positive,bing,1
maest,positive,bing,1
maestos,positive,bing,3
maggior,positive,bing,1
mag,positive,bing,1
magic,positive,bing,1
magistral,positive,bing,1
magnanim,positive,bing,1
magnif,positive,bing,3
magnificent,positive,bing,3
maneggevol,positive,bing,1
mann,positive,bing,1
matur,positive,bing,1
megl,positive,bing,1
megl-del-previst,positive,bing,1
memor,positive,bing,1
Men-stress,positive,bing,1
meravigl,positive,bing,3
meritat,positive,bing,3
meritevol,positive,bing,3
mer,positive,bing,1
meritor,positive,bing,1
meticol,positive,bing,1
miglior,positive,bing,3
miglior-performanc,positive,bing,1
miracol,positive,bing,1
misericord,positive,bing,1
mit,positive,bing,1
mod,positive,bing,1
modern,positive,bing,2
modest,positive,bing,1
molt-acut,positive,bing,1
molt-ben,positive,bing,1
monumental,positive,bing,1
moral,positive,bing,1
morbid,positive,bing,1
motiv,positive,bing,1
moviment,positive,bing,1
mozzaf,positive,bing,1
multius,positive,bing,1
munif,positive,bing,1
1vig,positive,bing,1
nett,positive,bing,1
nitid,positive,bing,1
nobil,positive,bing,1
nobilit,positive,bing,1
Non-si-applic-restrizion,positive,bing,1
non-violent,positive,bing,1
non-violenz,positive,bing,1
notevol,positive,bing,2
not,positive,bing,1
notor,positive,bing,1
novit,positive,bing,1
nuov-di-zecc,positive,bing,2
nutrient,positive,bing,1
nutr,positive,bing,1
oas,positive,bing,1
omagg,positive,bing,1
onest,positive,bing,1
onor,positive,bing,1
onorevol,positive,bing,1
opportun,positive,bing,1
opulent,positive,bing,1
ordi1t,positive,bing,1
ordin,positive,bing,1
orecc,positive,bing,1
orgogl,positive,bing,1
origi1l,positive,bing,1
oro,positive,bing,1
ospital,positive,bing,1
ottimal,positive,bing,1
ottim,positive,bing,1
ovazion,positive,bing,1
pac,positive,bing,1
pacif,positive,bing,1
padron,positive,bing,1
panoram,positive,bing,1
paradis,positive,bing,1
parsimon,positive,bing,1
passional,positive,bing,1
passion,positive,bing,2
patriot,positive,bing,1
patriott,positive,bing,1
patt,positive,bing,1
pazient,positive,bing,1
pazienz,positive,bing,1
peacekeeper,positive,bing,1
pensier,positive,bing,1
pensos,positive,bing,1
perd,positive,bing,1
perfett,positive,bing,3
perfezion,positive,bing,3
permett,positive,bing,1
persever,positive,bing,1
personalizz,positive,bing,1
perspicac,positive,bing,1
piac,positive,bing,2
piacevol,positive,bing,2
piacevolezz,positive,bing,2
pien-di-risors,positive,bing,1
pien-di-speranz,positive,bing,1
pittoresc,positive,bing,1
pi-bell,positive,bing,1
pi-cald,positive,bing,1
pi-felic,positive,bing,1
pi-fortun,positive,bing,1
pi-intelligent,positive,bing,1
pi-morbid,positive,bing,1
pi-not,positive,bing,1
pi-pul,positive,bing,1
pi-ricc,positive,bing,1
pi-sald,positive,bing,1
pi-veloc,positive,bing,1
poeticizz,positive,bing,1
poetic,positive,bing,1
popol,positive,bing,1
port,positive,bing,1
port-di-man,positive,bing,1
posit,positive,bing,1
potent,positive,bing,1
predilezion,positive,bing,1
prefer,positive,bing,1
preferibil,positive,bing,1
prem,positive,bing,1
preminent,positive,bing,1
premur,positive,bing,1
prestig,positive,bing,2
prezios,positive,bing,2
primar,positive,bing,1
Prim-in-class,positive,bing,1
privileg,positive,bing,1
priv-di-risc,positive,bing,1
prodezz,positive,bing,1
prodig,positive,bing,1
produtt,positive,bing,1
profession,positive,bing,2
profond,positive,bing,1
profumat,positive,bing,1
profusion,positive,bing,1
progress,positive,bing,1
prolif,positive,bing,1
promess,positive,bing,1
promettent,positive,bing,2
prominent,positive,bing,1
promotor,positive,bing,1
pront,positive,bing,1
propiziator,positive,bing,1
propiz,positive,bing,1
prosper,positive,bing,1
protegg,positive,bing,1
protett,positive,bing,1
protezion,positive,bing,1
prov,positive,bing,1
provvident,positive,bing,1
prudent,positive,bing,1
prudenz,positive,bing,1
pul,positive,bing,1
puliz,positive,bing,1
puntual,positive,bing,1
purific,positive,bing,1
pur,positive,bing,1
qualific,positive,bing,1
qui,positive,bing,1
raccomand,positive,bing,2
raddrizz,positive,bing,1
raffin,positive,bing,1
raffinatezz,positive,bing,2
raggiant,positive,bing,1
raggiung,positive,bing,1
ragionevol,positive,bing,2
rallegr,positive,bing,1
rapid-cresc,positive,bing,1
rapid,positive,bing,1
rapport,positive,bing,1
rassicur,positive,bing,1
ravviv,positive,bing,1
razional,positive,bing,1
realizz,positive,bing,1
recuper,positive,bing,1
redentr,positive,bing,1
regal,positive,bing,1
registr-lavor,positive,bing,1
regol,positive,bing,1
resistent,positive,bing,1
responsabilizz,positive,bing,1
responsabil,positive,bing,1
restaur,positive,bing,1
retribu,positive,bing,1
rett,positive,bing,1
riafferm,positive,bing,1
rianim,positive,bing,1
ricc,positive,bing,2
ricchezz,positive,bing,1
ricc-di-funzio1l,positive,bing,1
ricett,positive,bing,1
ricompens,positive,bing,1
riconcil,positive,bing,1
riconduc,positive,bing,1
riconoscent,positive,bing,1
riconosc,positive,bing,1
riduzion-dell-stress,positive,bing,1
riesc,positive,bing,1
rid,positive,bing,1
riform,positive,bing,1
rigener,positive,bing,1
riguard,positive,bing,1
rilass,positive,bing,1
rimbors,positive,bing,1
rimed,positive,bing,1
ri1sc,positive,bing,1
rinfranc,positive,bing,1
rinfresc,positive,bing,1
ringiovan,positive,bing,1
ringraz,positive,bing,1
rinnov,positive,bing,1
rinvigor,positive,bing,1
ripos,positive,bing,1
riscatt,positive,bing,1
risolutezz,positive,bing,1
risol,positive,bing,1
risp,positive,bing,1
risparm,positive,bing,2
risparm-di-cost,positive,bing,1
risparm-energet,positive,bing,1
rispett,positive,bing,1
rispett-dell-legg,positive,bing,1
risplendent,positive,bing,1
ristruttur,positive,bing,1
riusc,positive,bing,1
rivel,positive,bing,1
riverent,positive,bing,1
river,positive,bing,1
riviv,positive,bing,1
rivoluzion,positive,bing,1
rivoluzionar,positive,bing,1
robust,positive,bing,1
romant,positive,bing,2
rose,positive,bing,1
sagac,positive,bing,1
saggement,positive,bing,1
saggezz,positive,bing,1
sagg,positive,bing,1
salubr,positive,bing,1
salut,positive,bing,2
sal,positive,bing,1
salvator,positive,bing,1
salvav,positive,bing,1
san,positive,bing,1
san-di-ment,positive,bing,1
santific,positive,bing,1
santit,positive,bing,1
sant,positive,bing,1
sapient,positive,bing,1
sbalordit,positive,bing,1
sbalord,positive,bing,1
scenic,positive,bing,1
sciccos,positive,bing,1
scintill,positive,bing,1
sconfigg,positive,bing,1
sconfitt,positive,bing,1
scopert,positive,bing,1
semplic,positive,bing,1
semplif,positive,bing,1
semplific,positive,bing,1
sensazional,positive,bing,2
sensazion,positive,bing,1
sensibil,positive,bing,1
sentimental,positive,bing,1
senz-dolor,positive,bing,1
senz-dubb,positive,bing,1
senz-paur,positive,bing,1
senz-problem,positive,bing,1
senz-restrizion,positive,bing,1
senz-rival,positive,bing,1
senz-sforz,positive,bing,1
seren,positive,bing,1
seriet,positive,bing,1
sexy,positive,bing,1
sfarz,positive,bing,1
sicur,positive,bing,1
signif,positive,bing,1
simpat,positive,bing,2
sincer,positive,bing,2
soav,positive,bing,2
soavement,positive,bing,2
socievol,positive,bing,2
soddisf,positive,bing,2
soddisfacent,positive,bing,2
soddisfatt,positive,bing,2
solid,positive,bing,1
solidariet,positive,bing,2
sollet,positive,bing,1
sollev,positive,bing,1
soll,positive,bing,1
sonor,positive,bing,1
sontuos,positive,bing,1
sorprendent,positive,bing,3
sorrid,positive,bing,2
sorrident,positive,bing,2
sorris,positive,bing,2
sostanzial,positive,bing,1
sostegn,positive,bing,1
sosten,positive,bing,1
sostenibil,positive,bing,1
sostenitor,positive,bing,1
sovraperform,positive,bing,1
sovvenzion,positive,bing,1
spazios,positive,bing,2
specializz,positive,bing,1
spensier,positive,bing,1
spettacol,positive,bing,2
spin-dorsal,positive,bing,1
spint,positive,bing,1
spirit,positive,bing,1
spiritual,positive,bing,1
splendid,positive,bing,3
splendor,positive,bing,3
spontane,positive,bing,1
sport,positive,bing,1
squisit,positive,bing,3
squis,positive,bing,1
stabil,positive,bing,1
stabilizz,positive,bing,1
staccabil,positive,bing,1
stagion,positive,bing,1
statuar,positive,bing,1
stell,positive,bing,1
stilizz,positive,bing,1
stimol,positive,bing,1
stord,positive,bing,1
straordinar,positive,bing,3
strumental,positive,bing,1
stupend,positive,bing,3
stup,positive,bing,1
stupor,positive,bing,1
stuzzic,positive,bing,2
sublim,positive,bing,3
success,positive,bing,2
successon,positive,bing,2
sufficient,positive,bing,1
super,positive,bing,3
super-in-astuz,positive,bing,1
superb,positive,bing,3
superior,positive,bing,2
superst,positive,bing,1
support,positive,bing,1
suprem,positive,bing,1
supremaz,positive,bing,1
surreal,positive,bing,1
svolazz,positive,bing,1
talent,positive,bing,1
talentu,positive,bing,1
tant-megl,positive,bing,1
tempest,positive,bing,1
temp-onor,positive,bing,1
tenac,positive,bing,1
tener,positive,bing,1
tent,positive,bing,1
tesor,positive,bing,1
titill,positive,bing,1
toccasan,positive,bing,1
toller,positive,bing,1
tonific,positive,bing,1
ton-rassicur,positive,bing,1
top,positive,bing,1
tranquill,positive,bing,1
trasparent,positive,bing,1
tregu,positive,bing,1
tremend,positive,bing,1
trionfal,positive,bing,1
trionfant,positive,bing,1
trionf,positive,bing,1
trofe,positive,bing,1
tutt-il-suo-fascin,positive,bing,1
tutt-tond,positive,bing,1
ultra-nitid,positive,bing,1
uman,positive,bing,1
umil,positive,bing,1
umilt,positive,bing,1
umor,positive,bing,1
umorist,positive,bing,1
unit,positive,bing,1
urr,positive,bing,1
user-friendly,positive,bing,1
util,positive,bing,1
utilizz,positive,bing,1
val-la-pen,positive,bing,1
valent,positive,bing,1
valor,positive,bing,1
vantagg,positive,bing,1
varieg,positive,bing,1
variet,positive,bing,1
veloc,positive,bing,1
vener,positive,bing,1
verac,positive,bing,1
verific,positive,bing,1
veritier,positive,bing,1
ver,positive,bing,1
vers,positive,bing,1
versatil,positive,bing,1
vibrant,positive,bing,1
vigil,positive,bing,1
vigor,positive,bing,1
vinc,positive,bing,1
vincitor,positive,bing,2
virtuos,positive,bing,2
vistos,positive,bing,1
vittor,positive,bing,1
vivac,positive,bing,1
vivid,positive,bing,1
volentier,positive,bing,2
zel,positive,bing,1
zenit,positive,bing,1
emotegood,positive,bing,1
emotelov,positive,bing,1
emotewink,positive,bing,1
emotekiss,positive,bing,1
emotewow,positive,bing,1
emotelol,positive,bing,1
emoteeheh,positive,bing,1
emoteah,positive,bing,1